Iter,min,max
0,4.331069,5.494433
100,23.46781,464.1567
200,16.28704,399.7663
300,21.29882,311.4016
400,6.108901,247.7113
500,9.562218,265.4121
600,13.28041,245.4748
900,1.59509,223.6736
1100,15.9939,249.2318
1200,8.227442,247.2659
1700,12.12701,252.892
1800,5.385346,260.5926
2000,6.027012,258.0466
2200,2.133001,259.1369
2400,7.171302,254.1898
2700,4.274903,250.4479
2900,10.78816,252.2962
3000,7.44933,258.2237
